
Circuit 1 cell sky130_fd_pr__nfet_01v8_lvt and Circuit 2 cell sky130_fd_pr__nfet_01v8_lvt are black boxes.
Warning: Equate pins:  cell sky130_fd_pr__nfet_01v8_lvt is a placeholder, treated as a black box.
Warning: Equate pins:  cell sky130_fd_pr__nfet_01v8_lvt is a placeholder, treated as a black box.

Subcircuit pins:
Circuit 1: sky130_fd_pr__nfet_01v8_lvt     |Circuit 2: sky130_fd_pr__nfet_01v8_lvt     
-------------------------------------------|-------------------------------------------
1                                          |1                                          
2                                          |2                                          
3                                          |3                                          
4                                          |4                                          
---------------------------------------------------------------------------------------
Cell pin lists are equivalent.
Device classes sky130_fd_pr__nfet_01v8_lvt and sky130_fd_pr__nfet_01v8_lvt are equivalent.

Circuit 1 cell sky130_fd_pr__pfet_01v8 and Circuit 2 cell sky130_fd_pr__pfet_01v8 are black boxes.
Warning: Equate pins:  cell sky130_fd_pr__pfet_01v8 is a placeholder, treated as a black box.
Warning: Equate pins:  cell sky130_fd_pr__pfet_01v8 is a placeholder, treated as a black box.

Subcircuit pins:
Circuit 1: sky130_fd_pr__pfet_01v8         |Circuit 2: sky130_fd_pr__pfet_01v8         
-------------------------------------------|-------------------------------------------
1                                          |1                                          
2                                          |2                                          
3                                          |3                                          
4                                          |4                                          
---------------------------------------------------------------------------------------
Cell pin lists are equivalent.
Device classes sky130_fd_pr__pfet_01v8 and sky130_fd_pr__pfet_01v8 are equivalent.

Circuit 1 cell sky130_fd_pr__nfet_01v8 and Circuit 2 cell sky130_fd_pr__nfet_01v8 are black boxes.
Warning: Equate pins:  cell sky130_fd_pr__nfet_01v8 is a placeholder, treated as a black box.
Warning: Equate pins:  cell sky130_fd_pr__nfet_01v8 is a placeholder, treated as a black box.

Subcircuit pins:
Circuit 1: sky130_fd_pr__nfet_01v8         |Circuit 2: sky130_fd_pr__nfet_01v8         
-------------------------------------------|-------------------------------------------
1                                          |1                                          
2                                          |2                                          
3                                          |3                                          
4                                          |4                                          
---------------------------------------------------------------------------------------
Cell pin lists are equivalent.
Device classes sky130_fd_pr__nfet_01v8 and sky130_fd_pr__nfet_01v8 are equivalent.

Subcircuit summary:
Circuit 1: sky130_fd_sc_hs__nand2_1        |Circuit 2: sky130_fd_sc_hs__nand2_1        
-------------------------------------------|-------------------------------------------
sky130_fd_pr__nfet_01v8_lvt (2)            |sky130_fd_pr__nfet_01v8_lvt (2)            
sky130_fd_pr__pfet_01v8 (2)                |sky130_fd_pr__pfet_01v8 (2)                
Number of devices: 4                       |Number of devices: 4                       
Number of nets: 8                          |Number of nets: 8                          
---------------------------------------------------------------------------------------
Netlists match uniquely.

Subcircuit pins:
Circuit 1: sky130_fd_sc_hs__nand2_1        |Circuit 2: sky130_fd_sc_hs__nand2_1        
-------------------------------------------|-------------------------------------------
Y                                          |Y                                          
VGND                                       |VGND                                       
A                                          |A                                          
VPWR                                       |VPWR                                       
VPB                                        |VPB                                        
B                                          |B                                          
VNB                                        |VNB                                        
---------------------------------------------------------------------------------------
Cell pin lists are equivalent.
Device classes sky130_fd_sc_hs__nand2_1 and sky130_fd_sc_hs__nand2_1 are equivalent.

Subcircuit summary:
Circuit 1: sky130_fd_sc_hs__inv_1          |Circuit 2: sky130_fd_sc_hs__inv_1          
-------------------------------------------|-------------------------------------------
sky130_fd_pr__pfet_01v8 (1)                |sky130_fd_pr__pfet_01v8 (1)                
sky130_fd_pr__nfet_01v8_lvt (1)            |sky130_fd_pr__nfet_01v8_lvt (1)            
Number of devices: 2                       |Number of devices: 2                       
Number of nets: 6                          |Number of nets: 6                          
---------------------------------------------------------------------------------------
Netlists match uniquely.

Subcircuit pins:
Circuit 1: sky130_fd_sc_hs__inv_1          |Circuit 2: sky130_fd_sc_hs__inv_1          
-------------------------------------------|-------------------------------------------
VPWR                                       |VPWR                                       
VPB                                        |VPB                                        
VGND                                       |VGND                                       
VNB                                        |VNB                                        
A                                          |A                                          
Y                                          |Y                                          
---------------------------------------------------------------------------------------
Cell pin lists are equivalent.
Device classes sky130_fd_sc_hs__inv_1 and sky130_fd_sc_hs__inv_1 are equivalent.

Class sky130_fd_sc_hs__inv_4 (0):  Merged 6 parallel devices.
Class sky130_fd_sc_hs__inv_4 (1):  Merged 6 parallel devices.
Subcircuit summary:
Circuit 1: sky130_fd_sc_hs__inv_4          |Circuit 2: sky130_fd_sc_hs__inv_4          
-------------------------------------------|-------------------------------------------
sky130_fd_pr__pfet_01v8 (4->1)             |sky130_fd_pr__pfet_01v8 (4->1)             
sky130_fd_pr__nfet_01v8_lvt (4->1)         |sky130_fd_pr__nfet_01v8_lvt (4->1)         
Number of devices: 2                       |Number of devices: 2                       
Number of nets: 6                          |Number of nets: 6                          
---------------------------------------------------------------------------------------
Netlists match uniquely.

Subcircuit pins:
Circuit 1: sky130_fd_sc_hs__inv_4          |Circuit 2: sky130_fd_sc_hs__inv_4          
-------------------------------------------|-------------------------------------------
VGND                                       |VGND                                       
VNB                                        |VNB                                        
VPWR                                       |VPWR                                       
VPB                                        |VPB                                        
A                                          |A                                          
Y                                          |Y                                          
---------------------------------------------------------------------------------------
Cell pin lists are equivalent.
Device classes sky130_fd_sc_hs__inv_4 and sky130_fd_sc_hs__inv_4 are equivalent.

Class sky130_fd_sc_hs__inv_8 (0):  Merged 14 parallel devices.
Class sky130_fd_sc_hs__inv_8 (1):  Merged 14 parallel devices.
Subcircuit summary:
Circuit 1: sky130_fd_sc_hs__inv_8          |Circuit 2: sky130_fd_sc_hs__inv_8          
-------------------------------------------|-------------------------------------------
sky130_fd_pr__pfet_01v8 (8->1)             |sky130_fd_pr__pfet_01v8 (8->1)             
sky130_fd_pr__nfet_01v8_lvt (8->1)         |sky130_fd_pr__nfet_01v8_lvt (8->1)         
Number of devices: 2                       |Number of devices: 2                       
Number of nets: 6                          |Number of nets: 6                          
---------------------------------------------------------------------------------------
Netlists match uniquely.

Subcircuit pins:
Circuit 1: sky130_fd_sc_hs__inv_8          |Circuit 2: sky130_fd_sc_hs__inv_8          
-------------------------------------------|-------------------------------------------
VPWR                                       |VPWR                                       
VPB                                        |VPB                                        
VGND                                       |VGND                                       
VNB                                        |VNB                                        
A                                          |A                                          
Y                                          |Y                                          
---------------------------------------------------------------------------------------
Cell pin lists are equivalent.
Device classes sky130_fd_sc_hs__inv_8 and sky130_fd_sc_hs__inv_8 are equivalent.

Circuit 1 cell sky130_fd_pr__cap_mim_m3_1 and Circuit 2 cell sky130_fd_pr__cap_mim_m3_1 are black boxes.
Warning: Equate pins:  cell sky130_fd_pr__cap_mim_m3_1 is a placeholder, treated as a black box.
Warning: Equate pins:  cell sky130_fd_pr__cap_mim_m3_1 is a placeholder, treated as a black box.

Subcircuit pins:
Circuit 1: sky130_fd_pr__cap_mim_m3_1      |Circuit 2: sky130_fd_pr__cap_mim_m3_1      
-------------------------------------------|-------------------------------------------
1                                          |1                                          
2                                          |2                                          
---------------------------------------------------------------------------------------
Cell pin lists are equivalent.
Device classes sky130_fd_pr__cap_mim_m3_1 and sky130_fd_pr__cap_mim_m3_1 are equivalent.

Subcircuit summary:
Circuit 1: sky130_fd_sc_hs__nand2_1        |Circuit 2: sky130_fd_sc_hs__nand2_1[[8]]   
-------------------------------------------|-------------------------------------------
sky130_fd_pr__nfet_01v8_lvt (2)            |sky130_fd_pr__nfet_01v8_lvt (2)            
sky130_fd_pr__pfet_01v8 (2)                |sky130_fd_pr__pfet_01v8 (2)                
Number of devices: 4                       |Number of devices: 4                       
Number of nets: 8                          |Number of nets: 8                          
---------------------------------------------------------------------------------------
Netlists match uniquely.

Subcircuit pins:
Circuit 1: sky130_fd_sc_hs__nand2_1        |Circuit 2: sky130_fd_sc_hs__nand2_1[[8]]   
-------------------------------------------|-------------------------------------------
Y                                          |Y                                          
VGND                                       |VGND                                       
A                                          |A                                          
VPWR                                       |VPWR                                       
VPB                                        |VPB                                        
B                                          |B                                          
VNB                                        |VNB                                        
---------------------------------------------------------------------------------------
Cell pin lists are equivalent.
Device classes sky130_fd_sc_hs__nand2_1 and sky130_fd_sc_hs__nand2_1[[8]] are equivalent.

Subcircuit summary:
Circuit 1: sky130_fd_sc_hs__inv_1          |Circuit 2: sky130_fd_sc_hs__inv_1[[8]]     
-------------------------------------------|-------------------------------------------
sky130_fd_pr__pfet_01v8 (1)                |sky130_fd_pr__pfet_01v8 (1)                
sky130_fd_pr__nfet_01v8_lvt (1)            |sky130_fd_pr__nfet_01v8_lvt (1)            
Number of devices: 2                       |Number of devices: 2                       
Number of nets: 6                          |Number of nets: 6                          
---------------------------------------------------------------------------------------
Netlists match uniquely.

Subcircuit pins:
Circuit 1: sky130_fd_sc_hs__inv_1          |Circuit 2: sky130_fd_sc_hs__inv_1[[8]]     
-------------------------------------------|-------------------------------------------
VPWR                                       |VPWR                                       
VPB                                        |VPB                                        
VGND                                       |VGND                                       
VNB                                        |VNB                                        
A                                          |A                                          
Y                                          |Y                                          
---------------------------------------------------------------------------------------
Cell pin lists are equivalent.
Device classes sky130_fd_sc_hs__inv_1 and sky130_fd_sc_hs__inv_1[[8]] are equivalent.

Class sky130_fd_sc_hs__inv_4[[8]] (1):  Merged 6 parallel devices.
Subcircuit summary:
Circuit 1: sky130_fd_sc_hs__inv_4          |Circuit 2: sky130_fd_sc_hs__inv_4[[8]]     
-------------------------------------------|-------------------------------------------
sky130_fd_pr__pfet_01v8 (4->1)             |sky130_fd_pr__pfet_01v8 (4->1)             
sky130_fd_pr__nfet_01v8_lvt (4->1)         |sky130_fd_pr__nfet_01v8_lvt (4->1)         
Number of devices: 2                       |Number of devices: 2                       
Number of nets: 6                          |Number of nets: 6                          
---------------------------------------------------------------------------------------
Netlists match uniquely.

Subcircuit pins:
Circuit 1: sky130_fd_sc_hs__inv_4          |Circuit 2: sky130_fd_sc_hs__inv_4[[8]]     
-------------------------------------------|-------------------------------------------
VGND                                       |VGND                                       
VNB                                        |VNB                                        
VPWR                                       |VPWR                                       
VPB                                        |VPB                                        
A                                          |A                                          
Y                                          |Y                                          
---------------------------------------------------------------------------------------
Cell pin lists are equivalent.
Device classes sky130_fd_sc_hs__inv_4 and sky130_fd_sc_hs__inv_4[[8]] are equivalent.

Class sky130_fd_sc_hs__inv_8[[8]] (1):  Merged 14 parallel devices.
Subcircuit summary:
Circuit 1: sky130_fd_sc_hs__inv_8          |Circuit 2: sky130_fd_sc_hs__inv_8[[8]]     
-------------------------------------------|-------------------------------------------
sky130_fd_pr__pfet_01v8 (8->1)             |sky130_fd_pr__pfet_01v8 (8->1)             
sky130_fd_pr__nfet_01v8_lvt (8->1)         |sky130_fd_pr__nfet_01v8_lvt (8->1)         
Number of devices: 2                       |Number of devices: 2                       
Number of nets: 6                          |Number of nets: 6                          
---------------------------------------------------------------------------------------
Netlists match uniquely.

Subcircuit pins:
Circuit 1: sky130_fd_sc_hs__inv_8          |Circuit 2: sky130_fd_sc_hs__inv_8[[8]]     
-------------------------------------------|-------------------------------------------
VPWR                                       |VPWR                                       
VPB                                        |VPB                                        
VGND                                       |VGND                                       
VNB                                        |VNB                                        
A                                          |A                                          
Y                                          |Y                                          
---------------------------------------------------------------------------------------
Cell pin lists are equivalent.
Device classes sky130_fd_sc_hs__inv_8 and sky130_fd_sc_hs__inv_8[[8]] are equivalent.

Subcircuit summary:
Circuit 1: nooverlap_clk                   |Circuit 2: nooverlap_clk                   
-------------------------------------------|-------------------------------------------
sky130_fd_sc_hs__nand2_1 (2)               |sky130_fd_sc_hs__nand2_1 (2)               
sky130_fd_sc_hs__inv_1 (5)                 |sky130_fd_sc_hs__inv_1[[8]] (5)            
sky130_fd_sc_hs__inv_4 (2)                 |sky130_fd_sc_hs__inv_4[[8]] (2)            
sky130_fd_sc_hs__inv_8 (4)                 |sky130_fd_sc_hs__inv_8[[8]] (4)            
Number of devices: 13                      |Number of devices: 13                      
Number of nets: 16                         |Number of nets: 16                         
---------------------------------------------------------------------------------------
Netlists match uniquely.

Subcircuit pins:
Circuit 1: nooverlap_clk                   |Circuit 2: nooverlap_clk                   
-------------------------------------------|-------------------------------------------
CLK1                                       |CLK1                                       
CLK0                                       |CLK0                                       
IN                                         |IN                                         
CLKB0                                      |CLKB0                                      
CLKB1                                      |CLKB1                                      
VSS                                        |VSS                                        
VDD                                        |VDD                                        
---------------------------------------------------------------------------------------
Cell pin lists are equivalent.
Device classes nooverlap_clk and nooverlap_clk are equivalent.
Flattening unmatched subcell sky130_fd_pr__pfet_01v8_SEQ3W4 in circuit tg_sw_3 (0)(1 instance)
Flattening unmatched subcell sky130_fd_pr__nfet_01v8_G4VVNX in circuit tg_sw_3 (0)(1 instance)

Class tg_sw_3 (0):  Merged 6 parallel devices.
Subcircuit summary:
Circuit 1: tg_sw_3                         |Circuit 2: tg_sw_3                         
-------------------------------------------|-------------------------------------------
sky130_fd_pr__pfet_01v8 (4->1)             |sky130_fd_pr__pfet_01v8 (4->1)             
sky130_fd_pr__nfet_01v8 (4->1)             |sky130_fd_pr__nfet_01v8 (4->1)             
Number of devices: 2                       |Number of devices: 2                       
Number of nets: 6                          |Number of nets: 6                          
---------------------------------------------------------------------------------------
Resolving symmetries by property value.
Resolving symmetries by pin name.
Netlists match uniquely.

Subcircuit pins:
Circuit 1: tg_sw_3                         |Circuit 2: tg_sw_3                         
-------------------------------------------|-------------------------------------------
SWP                                        |swp                                        
VDD                                        |vdd                                        
SWN                                        |swn                                        
VSS                                        |vss                                        
OUT                                        |out                                        
IN                                         |in                                         
---------------------------------------------------------------------------------------
Cell pin lists are equivalent.
Device classes tg_sw_3 and tg_sw_3 are equivalent.
Flattening unmatched subcell sky130_fd_pr__pfet_01v8_NMYCWJ in circuit dac_sw_3 (0)(2 instances)
Flattening unmatched subcell sky130_fd_pr__nfet_01v8_KT5VMN in circuit dac_sw_3 (0)(2 instances)

Class dac_sw_3 (0):  Merged 12 parallel devices.
Subcircuit summary:
Circuit 1: dac_sw_3                        |Circuit 2: dac_sw_3                        
-------------------------------------------|-------------------------------------------
sky130_fd_pr__pfet_01v8 (8->2)             |sky130_fd_pr__pfet_01v8 (8->2)             
sky130_fd_pr__nfet_01v8 (8->2)             |sky130_fd_pr__nfet_01v8 (8->2)             
Number of devices: 4                       |Number of devices: 4                       
Number of nets: 8                          |Number of nets: 8                          
---------------------------------------------------------------------------------------
Netlists match uniquely.

Subcircuit pins:
Circuit 1: dac_sw_3                        |Circuit 2: dac_sw_3                        
-------------------------------------------|-------------------------------------------
VDD                                        |vdd                                        
VSS                                        |vss                                        
CKB                                        |ckb                                        
CK                                         |ck                                         
IN                                         |in                                         
OUT                                        |out                                        
---------------------------------------------------------------------------------------
Cell pin lists are equivalent.
Device classes dac_sw_3 and dac_sw_3 are equivalent.

Subcircuit summary:
Circuit 1: sky130_fd_sc_hs__xor2_1         |Circuit 2: sky130_fd_sc_hs__xor2_1         
-------------------------------------------|-------------------------------------------
sky130_fd_pr__nfet_01v8_lvt (5)            |sky130_fd_pr__nfet_01v8_lvt (5)            
sky130_fd_pr__pfet_01v8 (5)                |sky130_fd_pr__pfet_01v8 (5)                
Number of devices: 10                      |Number of devices: 10                      
Number of nets: 11                         |Number of nets: 11                         
---------------------------------------------------------------------------------------
Netlists match uniquely.

Subcircuit pins:
Circuit 1: sky130_fd_sc_hs__xor2_1         |Circuit 2: sky130_fd_sc_hs__xor2_1         
-------------------------------------------|-------------------------------------------
VPB                                        |VPB                                        
VNB                                        |VNB                                        
VGND                                       |VGND                                       
A                                          |A                                          
B                                          |B                                          
X                                          |X                                          
VPWR                                       |VPWR                                       
---------------------------------------------------------------------------------------
Cell pin lists are equivalent.
Device classes sky130_fd_sc_hs__xor2_1 and sky130_fd_sc_hs__xor2_1 are equivalent.
Flattening unmatched subcell sky130_fd_pr__pfet_01v8_5EUKDE in circuit pd_in_half (0)(3 instances)
Flattening unmatched subcell sky130_fd_pr__nfet_01v8_QQ7V57 in circuit pd_in_half (0)(2 instances)

Subcircuit summary:
Circuit 1: pd_in_half                      |Circuit 2: pd_in_half                      
-------------------------------------------|-------------------------------------------
sky130_fd_pr__pfet_01v8 (3)                |sky130_fd_pr__pfet_01v8 (3)                
sky130_fd_pr__nfet_01v8 (2)                |sky130_fd_pr__nfet_01v8 (2)                
Number of devices: 5                       |Number of devices: 5                       
Number of nets: 8                          |Number of nets: 8                          
---------------------------------------------------------------------------------------
Netlists match uniquely.

Subcircuit pins:
Circuit 1: pd_in_half                      |Circuit 2: pd_in_half                      
-------------------------------------------|-------------------------------------------
INB                                        |INB                                        
IN                                         |IN                                         
OUTB                                       |OUTB                                       
VDD                                        |VDD                                        
VSS                                        |VSS                                        
OUT                                        |OUT                                        
---------------------------------------------------------------------------------------
Cell pin lists are equivalent.
Device classes pd_in_half and pd_in_half are equivalent.

Subcircuit summary:
Circuit 1: sky130_fd_sc_hs__nand2_1        |Circuit 2: sky130_fd_sc_hs__nand2_1[[6]]   
-------------------------------------------|-------------------------------------------
sky130_fd_pr__nfet_01v8_lvt (2)            |sky130_fd_pr__nfet_01v8_lvt (2)            
sky130_fd_pr__pfet_01v8 (2)                |sky130_fd_pr__pfet_01v8 (2)                
Number of devices: 4                       |Number of devices: 4                       
Number of nets: 8                          |Number of nets: 8                          
---------------------------------------------------------------------------------------
Netlists match uniquely.

Subcircuit pins:
Circuit 1: sky130_fd_sc_hs__nand2_1        |Circuit 2: sky130_fd_sc_hs__nand2_1[[6]]   
-------------------------------------------|-------------------------------------------
Y                                          |Y                                          
VGND                                       |VGND                                       
A                                          |A                                          
VPWR                                       |VPWR                                       
VPB                                        |VPB                                        
B                                          |B                                          
VNB                                        |VNB                                        
---------------------------------------------------------------------------------------
Cell pin lists are equivalent.
Device classes sky130_fd_sc_hs__nand2_1 and sky130_fd_sc_hs__nand2_1[[6]] are equivalent.

Subcircuit summary:
Circuit 1: sky130_fd_sc_hs__xor2_1         |Circuit 2: sky130_fd_sc_hs__xor2_1[[6]]    
-------------------------------------------|-------------------------------------------
sky130_fd_pr__nfet_01v8_lvt (5)            |sky130_fd_pr__nfet_01v8_lvt (5)            
sky130_fd_pr__pfet_01v8 (5)                |sky130_fd_pr__pfet_01v8 (5)                
Number of devices: 10                      |Number of devices: 10                      
Number of nets: 11                         |Number of nets: 11                         
---------------------------------------------------------------------------------------
Netlists match uniquely.

Subcircuit pins:
Circuit 1: sky130_fd_sc_hs__xor2_1         |Circuit 2: sky130_fd_sc_hs__xor2_1[[6]]    
-------------------------------------------|-------------------------------------------
VPB                                        |VPB                                        
VNB                                        |VNB                                        
VGND                                       |VGND                                       
A                                          |A                                          
B                                          |B                                          
X                                          |X                                          
VPWR                                       |VPWR                                       
---------------------------------------------------------------------------------------
Cell pin lists are equivalent.
Device classes sky130_fd_sc_hs__xor2_1 and sky130_fd_sc_hs__xor2_1[[6]] are equivalent.

Subcircuit summary:
Circuit 1: cdac_sw_3                       |Circuit 2: cdac_sw_3                       
-------------------------------------------|-------------------------------------------
nooverlap_clk (1)                          |nooverlap_clk (1)                          
tg_sw_3 (3)                                |tg_sw_3 (3)                                
dac_sw_3 (1)                               |dac_sw_3 (1)                               
Number of devices: 5                       |Number of devices: 5                       
Number of nets: 10                         |Number of nets: 10                         
---------------------------------------------------------------------------------------
Netlists match uniquely.

Subcircuit pins:
Circuit 1: cdac_sw_3                       |Circuit 2: cdac_sw_3                       
-------------------------------------------|-------------------------------------------
VCM                                        |VCM                                        
VDDA                                       |VDDA                                       
VSSA                                       |VSSA                                       
DAC_OUT                                    |DAC_OUT                                    
BI                                         |BI                                         
CKI                                        |CKI                                        
---------------------------------------------------------------------------------------
Cell pin lists are equivalent.
Device classes cdac_sw_3 and cdac_sw_3 are equivalent.

Subcircuit summary:
Circuit 1: sky130_fd_sc_hs__and2_1         |Circuit 2: sky130_fd_sc_hs__and2_1         
-------------------------------------------|-------------------------------------------
sky130_fd_pr__nfet_01v8_lvt (3)            |sky130_fd_pr__nfet_01v8_lvt (3)            
sky130_fd_pr__pfet_01v8 (3)                |sky130_fd_pr__pfet_01v8 (3)                
Number of devices: 6                       |Number of devices: 6                       
Number of nets: 9                          |Number of nets: 9                          
---------------------------------------------------------------------------------------
Netlists match uniquely.

Subcircuit pins:
Circuit 1: sky130_fd_sc_hs__and2_1         |Circuit 2: sky130_fd_sc_hs__and2_1         
-------------------------------------------|-------------------------------------------
VPWR                                       |VPWR                                       
VPB                                        |VPB                                        
VNB                                        |VNB                                        
A                                          |A                                          
B                                          |B                                          
VGND                                       |VGND                                       
X                                          |X                                          
---------------------------------------------------------------------------------------
Cell pin lists are equivalent.
Device classes sky130_fd_sc_hs__and2_1 and sky130_fd_sc_hs__and2_1 are equivalent.

Subcircuit summary:
Circuit 1: pd_out                          |Circuit 2: pd_out                          
-------------------------------------------|-------------------------------------------
sky130_fd_sc_hs__nand2_1 (2)               |sky130_fd_sc_hs__nand2_1 (2)               
sky130_fd_sc_hs__xor2_1 (1)                |sky130_fd_sc_hs__xor2_1 (1)                
Number of devices: 3                       |Number of devices: 3                       
Number of nets: 7                          |Number of nets: 7                          
---------------------------------------------------------------------------------------
Netlists match uniquely.

Subcircuit pins:
Circuit 1: pd_out                          |Circuit 2: pd_out                          
-------------------------------------------|-------------------------------------------
RDY                                        |RDY                                        
OUTP                                       |OUTP                                       
A                                          |A                                          
OUTN                                       |OUTN                                       
B                                          |B                                          
VSS                                        |VSS                                        
VDD                                        |VDD                                        
---------------------------------------------------------------------------------------
Cell pin lists are equivalent.
Device classes pd_out and pd_out are equivalent.

Subcircuit summary:
Circuit 1: pd_in                           |Circuit 2: pd_in                           
-------------------------------------------|-------------------------------------------
pd_in_half (2)                             |pd_in_half (2)                             
Number of devices: 2                       |Number of devices: 2                       
Number of nets: 6                          |Number of nets: 6                          
---------------------------------------------------------------------------------------
Resolving symmetries by property value.
Resolving symmetries by pin name.
Netlists match uniquely.

Subcircuit pins:
Circuit 1: pd_in                           |Circuit 2: pd_in                           
-------------------------------------------|-------------------------------------------
VDD                                        |VDD                                        
VSS                                        |VSS                                        
INN                                        |INN                                        
INP                                        |INP                                        
A                                          |A                                          
B                                          |B                                          
---------------------------------------------------------------------------------------
Cell pin lists are equivalent.
Device classes pd_in and pd_in are equivalent.
Flattening unmatched subcell sky130_fd_pr__cap_mim_m3_1_BP38H4 in circuit bootstrap (0)(1 instance)
Flattening unmatched subcell sky130_fd_pr__pfet_01v8_27QFPY in circuit bootstrap (0)(1 instance)
Flattening unmatched subcell sky130_fd_pr__pfet_01v8_MGASDN in circuit bootstrap (0)(1 instance)
Flattening unmatched subcell sky130_fd_pr__pfet_01v8_LGMQDL in circuit bootstrap (0)(1 instance)
Flattening unmatched subcell sky130_fd_pr__nfet_01v8_CQKS6Z in circuit bootstrap (0)(1 instance)
Flattening unmatched subcell sky130_fd_pr__nfet_01v8_46WN23 in circuit bootstrap (0)(1 instance)
Flattening unmatched subcell sky130_fd_pr__nfet_01v8_J47Z3J in circuit bootstrap (0)(1 instance)
Flattening unmatched subcell sky130_fd_pr__nfet_01v8_D47ZC5 in circuit bootstrap (0)(1 instance)
Flattening unmatched subcell sky130_fd_pr__nfet_01v8_D4Y996 in circuit bootstrap (0)(1 instance)
Flattening unmatched subcell sky130_fd_pr__nfet_01v8_J4Y94J in circuit bootstrap (0)(1 instance)

Class bootstrap (0):  Merged 31 parallel devices.
Subcircuit summary:
Circuit 1: bootstrap                       |Circuit 2: bootstrap                       
-------------------------------------------|-------------------------------------------
sky130_fd_pr__cap_mim_m3_1 (32->1)         |sky130_fd_pr__cap_mim_m3_1 (32->1)         
sky130_fd_pr__pfet_01v8 (3)                |sky130_fd_pr__pfet_01v8 (3)                
sky130_fd_pr__nfet_01v8 (6)                |sky130_fd_pr__nfet_01v8 (6)                
Number of devices: 10                      |Number of devices: 10                      
Number of nets: 10                         |Number of nets: 10                         
---------------------------------------------------------------------------------------
Netlists match uniquely with port errors.

Subcircuit pins:
Circuit 1: bootstrap                       |Circuit 2: bootstrap                       
-------------------------------------------|-------------------------------------------
IN                                         |IN                                         
VSS                                        |VSS                                        
CKB                                        |CKB                                        
CK                                         |CK                                         
VDD                                        |VDD                                        
w_3369_n115#                               |(no pin, node is net2)                     
VGS                                        |VGS                                        
---------------------------------------------------------------------------------------
Cell pin lists for bootstrap and bootstrap altered to match.
Device classes bootstrap and bootstrap are equivalent.
Flattening unmatched subcell sky130_fd_pr__nfet_01v8_9HAEH6 in circuit th_sw_main (0)(1 instance)
Flattening unmatched subcell sky130_fd_pr__nfet_01v8_9HAEJX in circuit th_sw_main (0)(1 instance)
Flattening unmatched subcell sky130_fd_pr__nfet_01v8_WBAE2P in circuit th_sw_main (0)(1 instance)

Subcircuit summary:
Circuit 1: th_sw_main                      |Circuit 2: th_sw_main                      
-------------------------------------------|-------------------------------------------
sky130_fd_pr__nfet_01v8 (3)                |sky130_fd_pr__nfet_01v8 (3)                
Number of devices: 3                       |Number of devices: 3                       
Number of nets: 5                          |Number of nets: 5                          
---------------------------------------------------------------------------------------
Resolving symmetries by property value.
Resolving symmetries by pin name.
Netlists match uniquely.

Subcircuit pins:
Circuit 1: th_sw_main                      |Circuit 2: th_sw_main                      
-------------------------------------------|-------------------------------------------
VGS                                        |VGS                                        
VSS                                        |VSS                                        
OUT                                        |OUT                                        
IN                                         |IN                                         
CK                                         |CK                                         
---------------------------------------------------------------------------------------
Cell pin lists are equivalent.
Device classes th_sw_main and th_sw_main are equivalent.

Subcircuit summary:
Circuit 1: sky130_fd_sc_hs__and2_1         |Circuit 2: sky130_fd_sc_hs__and2_1[[4]]    
-------------------------------------------|-------------------------------------------
sky130_fd_pr__nfet_01v8_lvt (3)            |sky130_fd_pr__nfet_01v8_lvt (3)            
sky130_fd_pr__pfet_01v8 (3)                |sky130_fd_pr__pfet_01v8 (3)                
Number of devices: 6                       |Number of devices: 6                       
Number of nets: 9                          |Number of nets: 9                          
---------------------------------------------------------------------------------------
Netlists match uniquely.

Subcircuit pins:
Circuit 1: sky130_fd_sc_hs__and2_1         |Circuit 2: sky130_fd_sc_hs__and2_1[[4]]    
-------------------------------------------|-------------------------------------------
VPWR                                       |VPWR                                       
VPB                                        |VPB                                        
VNB                                        |VNB                                        
A                                          |A                                          
B                                          |B                                          
VGND                                       |VGND                                       
X                                          |X                                          
---------------------------------------------------------------------------------------
Cell pin lists are equivalent.
Device classes sky130_fd_sc_hs__and2_1 and sky130_fd_sc_hs__and2_1[[4]] are equivalent.

Subcircuit summary:
Circuit 1: cdac_sw_9b                      |Circuit 2: cdac_sw_9b                      
-------------------------------------------|-------------------------------------------
cdac_sw_3 (9)                              |cdac_sw_3 (9)                              
Number of devices: 9                       |Number of devices: 9                       
Number of nets: 30                         |Number of nets: 30                         
---------------------------------------------------------------------------------------
Resolving symmetries by property value.
Resolving symmetries by pin name.
Netlists match uniquely.

Subcircuit pins:
Circuit 1: cdac_sw_9b                      |Circuit 2: cdac_sw_9b                      
-------------------------------------------|-------------------------------------------
VDD                                        |VDD                                        
VCM                                        |VCM                                        
VSS                                        |VSS                                        
CF[8]                                      |CF[8]                                      
CF[7]                                      |CF[7]                                      
CF[6]                                      |CF[6]                                      
CF[5]                                      |CF[5]                                      
CF[3]                                      |CF[3]                                      
CF[4]                                      |CF[4]                                      
CF[0]                                      |CF[0]                                      
CF[1]                                      |CF[1]                                      
CF[2]                                      |CF[2]                                      
SW_IN[8]                                   |SW_IN[8]                                   
SW_IN[7]                                   |SW_IN[7]                                   
SW_IN[6]                                   |SW_IN[6]                                   
SW_IN[5]                                   |SW_IN[5]                                   
SW_IN[3]                                   |SW_IN[3]                                   
SW_IN[4]                                   |SW_IN[4]                                   
SW_IN[0]                                   |SW_IN[0]                                   
SW_IN[1]                                   |SW_IN[1]                                   
SW_IN[2]                                   |SW_IN[2]                                   
S[8]                                       |S[8]                                       
S[7]                                       |S[7]                                       
S[6]                                       |S[6]                                       
S[5]                                       |S[5]                                       
S[3]                                       |S[3]                                       
S[4]                                       |S[4]                                       
S[0]                                       |S[0]                                       
S[1]                                       |S[1]                                       
S[2]                                       |S[2]                                       
---------------------------------------------------------------------------------------
Cell pin lists are equivalent.
Device classes cdac_sw_9b and cdac_sw_9b are equivalent.
Flattening unmatched subcell sky130_fd_pr__cap_mim_m3_1_NL85WR in circuit cap_array_9b (0)(2 instances)
Flattening unmatched subcell sky130_fd_pr__cap_mim_m3_1_TE2UD4 in circuit cap_array_9b (0)(2 instances)

Class cap_array_9b (0):  Merged 502 parallel devices.
Subcircuit summary:
Circuit 1: cap_array_9b                    |Circuit 2: cap_array_9b                    
-------------------------------------------|-------------------------------------------
sky130_fd_pr__cap_mim_m3_1 (512->10)       |sky130_fd_pr__cap_mim_m3_1 (512->10)       
Number of devices: 10                      |Number of devices: 10                      
Number of nets: 11                         |Number of nets: 11                         
---------------------------------------------------------------------------------------
Resolving symmetries by property value.
Resolving symmetries by pin name.
Netlists match uniquely.

Subcircuit pins:
Circuit 1: cap_array_9b                    |Circuit 2: cap_array_9b                    
-------------------------------------------|-------------------------------------------
m4_n48444_704#                             |VC **Mismatch**                            
S[1]                                       |S[1]                                       
S[3]                                       |S[3]                                       
S[2]                                       |S[2]                                       
S[0]                                       |S[0]                                       
S[7]                                       |S[7]                                       
VCM                                        |VCM                                        
S[8]                                       |S[8]                                       
S[6]                                       |S[6]                                       
S[4]                                       |S[4]                                       
S[5]                                       |S[5]                                       
---------------------------------------------------------------------------------------
Cell pin lists for cap_array_9b and cap_array_9b altered to match.
Device classes cap_array_9b and cap_array_9b are equivalent.
Flattening unmatched subcell sky130_fd_pr__nfet_01v8_3KLK8B in circuit delay_gate_ori (0)(1 instance)
Flattening unmatched subcell sky130_fd_pr__pfet_01v8_GLM8QU in circuit delay_gate_ori (0)(1 instance)
Flattening unmatched subcell sky130_fd_pr__pfet_01v8_JKM84M in circuit delay_gate_ori (0)(2 instances)
Flattening unmatched subcell sky130_fd_pr__nfet_01v8_WVKZ6V in circuit delay_gate_ori (0)(2 instances)

Subcircuit summary:
Circuit 1: delay_gate_ori                  |Circuit 2: delay_gate_ori                  
-------------------------------------------|-------------------------------------------
sky130_fd_pr__nfet_01v8 (3)                |sky130_fd_pr__nfet_01v8 (3)                
sky130_fd_pr__pfet_01v8 (3)                |sky130_fd_pr__pfet_01v8 (3)                
sky130_fd_sc_hs__and2_1 (1)                |sky130_fd_sc_hs__and2_1 (1)                
Number of devices: 7                       |Number of devices: 7                       
Number of nets: 10                         |Number of nets: 10                         
---------------------------------------------------------------------------------------
Netlists match uniquely with property errors.
sky130_fd_pr__pfet_01v8_JKM84M_0/sky130_fd_pr__pfet_01v8:0 vs. sky130_fd_pr__pfet_01v8:M1:
 l circuit1: 1   circuit2: 0.5   (delta=66.7%, cutoff=1%)
sky130_fd_pr__pfet_01v8_JKM84M:XM1/sky130_fd_pr__pfet_01v8:0 vs. sky130_fd_pr__pfet_01v8:M2:
 l circuit1: 1   circuit2: 0.5   (delta=66.7%, cutoff=1%)
sky130_fd_pr__pfet_01v8_GLM8QU_0/sky130_fd_pr__pfet_01v8:0 vs. sky130_fd_pr__pfet_01v8:M4:
 l circuit1: 1   circuit2: 0.5   (delta=66.7%, cutoff=1%)
sky130_fd_pr__nfet_01v8_WVKZ6V:XM5/sky130_fd_pr__nfet_01v8:0 vs. sky130_fd_pr__nfet_01v8:M3:
 l circuit1: 1   circuit2: 0.5   (delta=66.7%, cutoff=1%)
sky130_fd_pr__nfet_01v8_3KLK8B_0/sky130_fd_pr__nfet_01v8:0 vs. sky130_fd_pr__nfet_01v8:M5:
 l circuit1: 1   circuit2: 0.5   (delta=66.7%, cutoff=1%)
sky130_fd_pr__nfet_01v8_WVKZ6V_0/sky130_fd_pr__nfet_01v8:0 vs. sky130_fd_pr__nfet_01v8:M6:
 l circuit1: 1   circuit2: 0.5   (delta=66.7%, cutoff=1%)

Subcircuit pins:
Circuit 1: delay_gate_ori                  |Circuit 2: delay_gate_ori                  
-------------------------------------------|-------------------------------------------
IN                                         |IN                                         
VDD                                        |VDD                                        
VSS                                        |VSS                                        
VINP                                       |VINP                                       
VINN                                       |VINN                                       
OUT                                        |OUT                                        
---------------------------------------------------------------------------------------
Cell pin lists are equivalent.
Device classes delay_gate_ori and delay_gate_ori are equivalent.

Subcircuit summary:
Circuit 1: phase_detector                  |Circuit 2: phase_detector                  
-------------------------------------------|-------------------------------------------
pd_out (1)                                 |pd_out (1)                                 
pd_in (1)                                  |pd_in (1)                                  
Number of devices: 2                       |Number of devices: 2                       
Number of nets: 9                          |Number of nets: 9                          
---------------------------------------------------------------------------------------
Netlists match uniquely.

Subcircuit pins:
Circuit 1: phase_detector                  |Circuit 2: phase_detector                  
-------------------------------------------|-------------------------------------------
INP                                        |INP                                        
INN                                        |INN                                        
OUTP                                       |OUTP                                       
OUTN                                       |OUTN                                       
RDY                                        |RDY                                        
VDD                                        |VDD                                        
VSS                                        |VSS                                        
---------------------------------------------------------------------------------------
Cell pin lists are equivalent.
Device classes phase_detector and phase_detector are equivalent.

Cell sky130_fd_sc_hd__decap_3 (1) disconnected node: VGND
Cell sky130_fd_sc_hd__decap_3 (1) disconnected node: VNB
Cell sky130_fd_sc_hd__decap_3 (1) disconnected node: VPB
Cell sky130_fd_sc_hd__decap_3 (1) disconnected node: VPWR

Subcircuit pins:
Circuit 1: sky130_fd_sc_hd__decap_3        |Circuit 2: sky130_fd_sc_hd__decap_3        
-------------------------------------------|-------------------------------------------
VGND                                       |VGND                                       
VNB                                        |VNB                                        
VPB                                        |VPB                                        
VPWR                                       |VPWR                                       
---------------------------------------------------------------------------------------
Cell pin lists are equivalent.
Device classes sky130_fd_sc_hd__decap_3 and sky130_fd_sc_hd__decap_3 are equivalent.

Cell sky130_fd_sc_hd__dfrtp_1 (1) disconnected node: CLK
Cell sky130_fd_sc_hd__dfrtp_1 (1) disconnected node: D
Cell sky130_fd_sc_hd__dfrtp_1 (1) disconnected node: RESET_B
Cell sky130_fd_sc_hd__dfrtp_1 (1) disconnected node: VGND
Cell sky130_fd_sc_hd__dfrtp_1 (1) disconnected node: VNB
Cell sky130_fd_sc_hd__dfrtp_1 (1) disconnected node: VPB
Cell sky130_fd_sc_hd__dfrtp_1 (1) disconnected node: VPWR
Cell sky130_fd_sc_hd__dfrtp_1 (1) disconnected node: Q

Subcircuit pins:
Circuit 1: sky130_fd_sc_hd__dfrtp_1        |Circuit 2: sky130_fd_sc_hd__dfrtp_1        
-------------------------------------------|-------------------------------------------
CLK                                        |CLK                                        
D                                          |D                                          
RESET_B                                    |RESET_B                                    
VGND                                       |VGND                                       
VNB                                        |VNB                                        
VPB                                        |VPB                                        
VPWR                                       |VPWR                                       
Q                                          |Q                                          
---------------------------------------------------------------------------------------
Cell pin lists are equivalent.
Device classes sky130_fd_sc_hd__dfrtp_1 and sky130_fd_sc_hd__dfrtp_1 are equivalent.

Cell sky130_fd_sc_hd__buf_1 (1) disconnected node: A
Cell sky130_fd_sc_hd__buf_1 (1) disconnected node: VGND
Cell sky130_fd_sc_hd__buf_1 (1) disconnected node: VNB
Cell sky130_fd_sc_hd__buf_1 (1) disconnected node: VPB
Cell sky130_fd_sc_hd__buf_1 (1) disconnected node: VPWR
Cell sky130_fd_sc_hd__buf_1 (1) disconnected node: X

Subcircuit pins:
Circuit 1: sky130_fd_sc_hd__buf_1          |Circuit 2: sky130_fd_sc_hd__buf_1          
-------------------------------------------|-------------------------------------------
A                                          |A                                          
VGND                                       |VGND                                       
VNB                                        |VNB                                        
VPB                                        |VPB                                        
VPWR                                       |VPWR                                       
X                                          |X                                          
---------------------------------------------------------------------------------------
Cell pin lists are equivalent.
Device classes sky130_fd_sc_hd__buf_1 and sky130_fd_sc_hd__buf_1 are equivalent.

Cell sky130_fd_sc_hd__dfxtp_1 (1) disconnected node: CLK
Cell sky130_fd_sc_hd__dfxtp_1 (1) disconnected node: D
Cell sky130_fd_sc_hd__dfxtp_1 (1) disconnected node: VGND
Cell sky130_fd_sc_hd__dfxtp_1 (1) disconnected node: VNB
Cell sky130_fd_sc_hd__dfxtp_1 (1) disconnected node: VPB
Cell sky130_fd_sc_hd__dfxtp_1 (1) disconnected node: VPWR
Cell sky130_fd_sc_hd__dfxtp_1 (1) disconnected node: Q

Subcircuit pins:
Circuit 1: sky130_fd_sc_hd__dfxtp_1        |Circuit 2: sky130_fd_sc_hd__dfxtp_1        
-------------------------------------------|-------------------------------------------
CLK                                        |CLK                                        
D                                          |D                                          
VGND                                       |VGND                                       
VNB                                        |VNB                                        
VPB                                        |VPB                                        
VPWR                                       |VPWR                                       
Q                                          |Q                                          
---------------------------------------------------------------------------------------
Cell pin lists are equivalent.
Device classes sky130_fd_sc_hd__dfxtp_1 and sky130_fd_sc_hd__dfxtp_1 are equivalent.

Cell sky130_fd_sc_hd__and3_1 (1) disconnected node: A
Cell sky130_fd_sc_hd__and3_1 (1) disconnected node: B
Cell sky130_fd_sc_hd__and3_1 (1) disconnected node: C
Cell sky130_fd_sc_hd__and3_1 (1) disconnected node: VGND
Cell sky130_fd_sc_hd__and3_1 (1) disconnected node: VNB
Cell sky130_fd_sc_hd__and3_1 (1) disconnected node: VPB
Cell sky130_fd_sc_hd__and3_1 (1) disconnected node: VPWR
Cell sky130_fd_sc_hd__and3_1 (1) disconnected node: X

Subcircuit pins:
Circuit 1: sky130_fd_sc_hd__and3_1         |Circuit 2: sky130_fd_sc_hd__and3_1         
-------------------------------------------|-------------------------------------------
A                                          |A                                          
B                                          |B                                          
C                                          |C                                          
VGND                                       |VGND                                       
VNB                                        |VNB                                        
VPB                                        |VPB                                        
VPWR                                       |VPWR                                       
X                                          |X                                          
---------------------------------------------------------------------------------------
Cell pin lists are equivalent.
Device classes sky130_fd_sc_hd__and3_1 and sky130_fd_sc_hd__and3_1 are equivalent.

Cell sky130_fd_sc_hd__clkbuf_4 (1) disconnected node: A
Cell sky130_fd_sc_hd__clkbuf_4 (1) disconnected node: VGND
Cell sky130_fd_sc_hd__clkbuf_4 (1) disconnected node: VNB
Cell sky130_fd_sc_hd__clkbuf_4 (1) disconnected node: VPB
Cell sky130_fd_sc_hd__clkbuf_4 (1) disconnected node: VPWR
Cell sky130_fd_sc_hd__clkbuf_4 (1) disconnected node: X
Class sky130_fd_sc_hd__clkbuf_4 (0):  Merged 6 parallel devices.

Subcircuit pins:
Circuit 1: sky130_fd_sc_hd__clkbuf_4       |Circuit 2: sky130_fd_sc_hd__clkbuf_4       
-------------------------------------------|-------------------------------------------
A                                          |A                                          
VGND                                       |VGND                                       
VNB                                        |VNB                                        
VPB                                        |VPB                                        
VPWR                                       |VPWR                                       
X                                          |X                                          
---------------------------------------------------------------------------------------
Cell pin lists are equivalent.
Device classes sky130_fd_sc_hd__clkbuf_4 and sky130_fd_sc_hd__clkbuf_4 are equivalent.

Cell sky130_fd_sc_hd__a21o_1 (1) disconnected node: A1
Cell sky130_fd_sc_hd__a21o_1 (1) disconnected node: A2
Cell sky130_fd_sc_hd__a21o_1 (1) disconnected node: B1
Cell sky130_fd_sc_hd__a21o_1 (1) disconnected node: VGND
Cell sky130_fd_sc_hd__a21o_1 (1) disconnected node: VNB
Cell sky130_fd_sc_hd__a21o_1 (1) disconnected node: VPB
Cell sky130_fd_sc_hd__a21o_1 (1) disconnected node: VPWR
Cell sky130_fd_sc_hd__a21o_1 (1) disconnected node: X

Subcircuit pins:
Circuit 1: sky130_fd_sc_hd__a21o_1         |Circuit 2: sky130_fd_sc_hd__a21o_1         
-------------------------------------------|-------------------------------------------
A1                                         |A1                                         
A2                                         |A2                                         
B1                                         |B1                                         
VGND                                       |VGND                                       
VNB                                        |VNB                                        
VPB                                        |VPB                                        
VPWR                                       |VPWR                                       
X                                          |X                                          
---------------------------------------------------------------------------------------
Cell pin lists are equivalent.
Device classes sky130_fd_sc_hd__a21o_1 and sky130_fd_sc_hd__a21o_1 are equivalent.

Cell sky130_fd_sc_hd__clkbuf_16 (1) disconnected node: A
Cell sky130_fd_sc_hd__clkbuf_16 (1) disconnected node: VGND
Cell sky130_fd_sc_hd__clkbuf_16 (1) disconnected node: VNB
Cell sky130_fd_sc_hd__clkbuf_16 (1) disconnected node: VPB
Cell sky130_fd_sc_hd__clkbuf_16 (1) disconnected node: VPWR
Cell sky130_fd_sc_hd__clkbuf_16 (1) disconnected node: X
Class sky130_fd_sc_hd__clkbuf_16 (0):  Merged 36 parallel devices.

Subcircuit pins:
Circuit 1: sky130_fd_sc_hd__clkbuf_16      |Circuit 2: sky130_fd_sc_hd__clkbuf_16      
-------------------------------------------|-------------------------------------------
A                                          |A                                          
VGND                                       |VGND                                       
VNB                                        |VNB                                        
VPB                                        |VPB                                        
VPWR                                       |VPWR                                       
X                                          |X                                          
---------------------------------------------------------------------------------------
Cell pin lists are equivalent.
Device classes sky130_fd_sc_hd__clkbuf_16 and sky130_fd_sc_hd__clkbuf_16 are equivalent.

Cell sky130_fd_sc_hd__dfrtp_2 (1) disconnected node: CLK
Cell sky130_fd_sc_hd__dfrtp_2 (1) disconnected node: D
Cell sky130_fd_sc_hd__dfrtp_2 (1) disconnected node: RESET_B
Cell sky130_fd_sc_hd__dfrtp_2 (1) disconnected node: VGND
Cell sky130_fd_sc_hd__dfrtp_2 (1) disconnected node: VNB
Cell sky130_fd_sc_hd__dfrtp_2 (1) disconnected node: VPB
Cell sky130_fd_sc_hd__dfrtp_2 (1) disconnected node: VPWR
Cell sky130_fd_sc_hd__dfrtp_2 (1) disconnected node: Q
Class sky130_fd_sc_hd__dfrtp_2 (0):  Merged 2 parallel devices.

Subcircuit pins:
Circuit 1: sky130_fd_sc_hd__dfrtp_2        |Circuit 2: sky130_fd_sc_hd__dfrtp_2        
-------------------------------------------|-------------------------------------------
CLK                                        |CLK                                        
D                                          |D                                          
RESET_B                                    |RESET_B                                    
VGND                                       |VGND                                       
VNB                                        |VNB                                        
VPB                                        |VPB                                        
VPWR                                       |VPWR                                       
Q                                          |Q                                          
---------------------------------------------------------------------------------------
Cell pin lists are equivalent.
Device classes sky130_fd_sc_hd__dfrtp_2 and sky130_fd_sc_hd__dfrtp_2 are equivalent.

Cell sky130_fd_sc_hd__nand3_1 (1) disconnected node: A
Cell sky130_fd_sc_hd__nand3_1 (1) disconnected node: B
Cell sky130_fd_sc_hd__nand3_1 (1) disconnected node: C
Cell sky130_fd_sc_hd__nand3_1 (1) disconnected node: VGND
Cell sky130_fd_sc_hd__nand3_1 (1) disconnected node: VNB
Cell sky130_fd_sc_hd__nand3_1 (1) disconnected node: VPB
Cell sky130_fd_sc_hd__nand3_1 (1) disconnected node: VPWR
Cell sky130_fd_sc_hd__nand3_1 (1) disconnected node: Y

Subcircuit pins:
Circuit 1: sky130_fd_sc_hd__nand3_1        |Circuit 2: sky130_fd_sc_hd__nand3_1        
-------------------------------------------|-------------------------------------------
A                                          |A                                          
B                                          |B                                          
C                                          |C                                          
VGND                                       |VGND                                       
VNB                                        |VNB                                        
VPB                                        |VPB                                        
VPWR                                       |VPWR                                       
Y                                          |Y                                          
---------------------------------------------------------------------------------------
Cell pin lists are equivalent.
Device classes sky130_fd_sc_hd__nand3_1 and sky130_fd_sc_hd__nand3_1 are equivalent.

Cell sky130_fd_sc_hd__a21oi_1 (1) disconnected node: A1
Cell sky130_fd_sc_hd__a21oi_1 (1) disconnected node: A2
Cell sky130_fd_sc_hd__a21oi_1 (1) disconnected node: B1
Cell sky130_fd_sc_hd__a21oi_1 (1) disconnected node: VGND
Cell sky130_fd_sc_hd__a21oi_1 (1) disconnected node: VNB
Cell sky130_fd_sc_hd__a21oi_1 (1) disconnected node: VPB
Cell sky130_fd_sc_hd__a21oi_1 (1) disconnected node: VPWR
Cell sky130_fd_sc_hd__a21oi_1 (1) disconnected node: Y

Subcircuit pins:
Circuit 1: sky130_fd_sc_hd__a21oi_1        |Circuit 2: sky130_fd_sc_hd__a21oi_1        
-------------------------------------------|-------------------------------------------
A1                                         |A1                                         
A2                                         |A2                                         
B1                                         |B1                                         
VGND                                       |VGND                                       
VNB                                        |VNB                                        
VPB                                        |VPB                                        
VPWR                                       |VPWR                                       
Y                                          |Y                                          
---------------------------------------------------------------------------------------
Cell pin lists are equivalent.
Device classes sky130_fd_sc_hd__a21oi_1 and sky130_fd_sc_hd__a21oi_1 are equivalent.

Cell sky130_fd_sc_hd__o21ai_1 (1) disconnected node: A1
Cell sky130_fd_sc_hd__o21ai_1 (1) disconnected node: A2
Cell sky130_fd_sc_hd__o21ai_1 (1) disconnected node: B1
Cell sky130_fd_sc_hd__o21ai_1 (1) disconnected node: VGND
Cell sky130_fd_sc_hd__o21ai_1 (1) disconnected node: VNB
Cell sky130_fd_sc_hd__o21ai_1 (1) disconnected node: VPB
Cell sky130_fd_sc_hd__o21ai_1 (1) disconnected node: VPWR
Cell sky130_fd_sc_hd__o21ai_1 (1) disconnected node: Y

Subcircuit pins:
Circuit 1: sky130_fd_sc_hd__o21ai_1        |Circuit 2: sky130_fd_sc_hd__o21ai_1        
-------------------------------------------|-------------------------------------------
A1                                         |A1                                         
A2                                         |A2                                         
B1                                         |B1                                         
VGND                                       |VGND                                       
VNB                                        |VNB                                        
VPB                                        |VPB                                        
VPWR                                       |VPWR                                       
Y                                          |Y                                          
---------------------------------------------------------------------------------------
Cell pin lists are equivalent.
Device classes sky130_fd_sc_hd__o21ai_1 and sky130_fd_sc_hd__o21ai_1 are equivalent.

Cell sky130_fd_sc_hd__nor2_1 (1) disconnected node: A
Cell sky130_fd_sc_hd__nor2_1 (1) disconnected node: B
Cell sky130_fd_sc_hd__nor2_1 (1) disconnected node: VGND
Cell sky130_fd_sc_hd__nor2_1 (1) disconnected node: VNB
Cell sky130_fd_sc_hd__nor2_1 (1) disconnected node: VPB
Cell sky130_fd_sc_hd__nor2_1 (1) disconnected node: VPWR
Cell sky130_fd_sc_hd__nor2_1 (1) disconnected node: Y

Subcircuit pins:
Circuit 1: sky130_fd_sc_hd__nor2_1         |Circuit 2: sky130_fd_sc_hd__nor2_1         
-------------------------------------------|-------------------------------------------
A                                          |A                                          
B                                          |B                                          
VGND                                       |VGND                                       
VNB                                        |VNB                                        
VPB                                        |VPB                                        
VPWR                                       |VPWR                                       
Y                                          |Y                                          
---------------------------------------------------------------------------------------
Cell pin lists are equivalent.
Device classes sky130_fd_sc_hd__nor2_1 and sky130_fd_sc_hd__nor2_1 are equivalent.

Cell sky130_fd_sc_hd__a21bo_1 (1) disconnected node: A1
Cell sky130_fd_sc_hd__a21bo_1 (1) disconnected node: A2
Cell sky130_fd_sc_hd__a21bo_1 (1) disconnected node: B1_N
Cell sky130_fd_sc_hd__a21bo_1 (1) disconnected node: VGND
Cell sky130_fd_sc_hd__a21bo_1 (1) disconnected node: VNB
Cell sky130_fd_sc_hd__a21bo_1 (1) disconnected node: VPB
Cell sky130_fd_sc_hd__a21bo_1 (1) disconnected node: VPWR
Cell sky130_fd_sc_hd__a21bo_1 (1) disconnected node: X

Subcircuit pins:
Circuit 1: sky130_fd_sc_hd__a21bo_1        |Circuit 2: sky130_fd_sc_hd__a21bo_1        
-------------------------------------------|-------------------------------------------
A1                                         |A1                                         
A2                                         |A2                                         
B1_N                                       |B1_N                                       
VGND                                       |VGND                                       
VNB                                        |VNB                                        
VPB                                        |VPB                                        
VPWR                                       |VPWR                                       
X                                          |X                                          
---------------------------------------------------------------------------------------
Cell pin lists are equivalent.
Device classes sky130_fd_sc_hd__a21bo_1 and sky130_fd_sc_hd__a21bo_1 are equivalent.

Cell sky130_fd_sc_hd__o21a_1 (1) disconnected node: A1
Cell sky130_fd_sc_hd__o21a_1 (1) disconnected node: A2
Cell sky130_fd_sc_hd__o21a_1 (1) disconnected node: B1
Cell sky130_fd_sc_hd__o21a_1 (1) disconnected node: VGND
Cell sky130_fd_sc_hd__o21a_1 (1) disconnected node: VNB
Cell sky130_fd_sc_hd__o21a_1 (1) disconnected node: VPB
Cell sky130_fd_sc_hd__o21a_1 (1) disconnected node: VPWR
Cell sky130_fd_sc_hd__o21a_1 (1) disconnected node: X

Subcircuit pins:
Circuit 1: sky130_fd_sc_hd__o21a_1         |Circuit 2: sky130_fd_sc_hd__o21a_1         
-------------------------------------------|-------------------------------------------
A1                                         |A1                                         
A2                                         |A2                                         
B1                                         |B1                                         
VGND                                       |VGND                                       
VNB                                        |VNB                                        
VPB                                        |VPB                                        
VPWR                                       |VPWR                                       
X                                          |X                                          
---------------------------------------------------------------------------------------
Cell pin lists are equivalent.
Device classes sky130_fd_sc_hd__o21a_1 and sky130_fd_sc_hd__o21a_1 are equivalent.

Cell sky130_fd_sc_hd__nand2_1 (1) disconnected node: A
Cell sky130_fd_sc_hd__nand2_1 (1) disconnected node: B
Cell sky130_fd_sc_hd__nand2_1 (1) disconnected node: VGND
Cell sky130_fd_sc_hd__nand2_1 (1) disconnected node: VNB
Cell sky130_fd_sc_hd__nand2_1 (1) disconnected node: VPB
Cell sky130_fd_sc_hd__nand2_1 (1) disconnected node: VPWR
Cell sky130_fd_sc_hd__nand2_1 (1) disconnected node: Y

Subcircuit pins:
Circuit 1: sky130_fd_sc_hd__nand2_1        |Circuit 2: sky130_fd_sc_hd__nand2_1        
-------------------------------------------|-------------------------------------------
A                                          |A                                          
B                                          |B                                          
VGND                                       |VGND                                       
VNB                                        |VNB                                        
VPB                                        |VPB                                        
VPWR                                       |VPWR                                       
Y                                          |Y                                          
---------------------------------------------------------------------------------------
Cell pin lists are equivalent.
Device classes sky130_fd_sc_hd__nand2_1 and sky130_fd_sc_hd__nand2_1 are equivalent.

Cell sky130_fd_sc_hd__and2_1 (1) disconnected node: A
Cell sky130_fd_sc_hd__and2_1 (1) disconnected node: B
Cell sky130_fd_sc_hd__and2_1 (1) disconnected node: VGND
Cell sky130_fd_sc_hd__and2_1 (1) disconnected node: VNB
Cell sky130_fd_sc_hd__and2_1 (1) disconnected node: VPB
Cell sky130_fd_sc_hd__and2_1 (1) disconnected node: VPWR
Cell sky130_fd_sc_hd__and2_1 (1) disconnected node: X

Subcircuit pins:
Circuit 1: sky130_fd_sc_hd__and2_1         |Circuit 2: sky130_fd_sc_hd__and2_1         
-------------------------------------------|-------------------------------------------
A                                          |A                                          
B                                          |B                                          
VGND                                       |VGND                                       
VNB                                        |VNB                                        
VPB                                        |VPB                                        
VPWR                                       |VPWR                                       
X                                          |X                                          
---------------------------------------------------------------------------------------
Cell pin lists are equivalent.
Device classes sky130_fd_sc_hd__and2_1 and sky130_fd_sc_hd__and2_1 are equivalent.

Cell sky130_fd_sc_hd__clkbuf_2 (1) disconnected node: A
Cell sky130_fd_sc_hd__clkbuf_2 (1) disconnected node: VGND
Cell sky130_fd_sc_hd__clkbuf_2 (1) disconnected node: VNB
Cell sky130_fd_sc_hd__clkbuf_2 (1) disconnected node: VPB
Cell sky130_fd_sc_hd__clkbuf_2 (1) disconnected node: VPWR
Cell sky130_fd_sc_hd__clkbuf_2 (1) disconnected node: X
Class sky130_fd_sc_hd__clkbuf_2 (0):  Merged 2 parallel devices.

Subcircuit pins:
Circuit 1: sky130_fd_sc_hd__clkbuf_2       |Circuit 2: sky130_fd_sc_hd__clkbuf_2       
-------------------------------------------|-------------------------------------------
A                                          |A                                          
VGND                                       |VGND                                       
VNB                                        |VNB                                        
VPB                                        |VPB                                        
VPWR                                       |VPWR                                       
X                                          |X                                          
---------------------------------------------------------------------------------------
Cell pin lists are equivalent.
Device classes sky130_fd_sc_hd__clkbuf_2 and sky130_fd_sc_hd__clkbuf_2 are equivalent.

Cell sky130_fd_sc_hd__or3b_1 (1) disconnected node: A
Cell sky130_fd_sc_hd__or3b_1 (1) disconnected node: B
Cell sky130_fd_sc_hd__or3b_1 (1) disconnected node: C_N
Cell sky130_fd_sc_hd__or3b_1 (1) disconnected node: VGND
Cell sky130_fd_sc_hd__or3b_1 (1) disconnected node: VNB
Cell sky130_fd_sc_hd__or3b_1 (1) disconnected node: VPB
Cell sky130_fd_sc_hd__or3b_1 (1) disconnected node: VPWR
Cell sky130_fd_sc_hd__or3b_1 (1) disconnected node: X

Subcircuit pins:
Circuit 1: sky130_fd_sc_hd__or3b_1         |Circuit 2: sky130_fd_sc_hd__or3b_1         
-------------------------------------------|-------------------------------------------
A                                          |A                                          
B                                          |B                                          
C_N                                        |C_N                                        
VGND                                       |VGND                                       
VNB                                        |VNB                                        
VPB                                        |VPB                                        
VPWR                                       |VPWR                                       
X                                          |X                                          
---------------------------------------------------------------------------------------
Cell pin lists are equivalent.
Device classes sky130_fd_sc_hd__or3b_1 and sky130_fd_sc_hd__or3b_1 are equivalent.

Cell sky130_fd_sc_hd__or4bb_1 (1) disconnected node: A
Cell sky130_fd_sc_hd__or4bb_1 (1) disconnected node: B
Cell sky130_fd_sc_hd__or4bb_1 (1) disconnected node: C_N
Cell sky130_fd_sc_hd__or4bb_1 (1) disconnected node: D_N
Cell sky130_fd_sc_hd__or4bb_1 (1) disconnected node: VGND
Cell sky130_fd_sc_hd__or4bb_1 (1) disconnected node: VNB
Cell sky130_fd_sc_hd__or4bb_1 (1) disconnected node: VPB
Cell sky130_fd_sc_hd__or4bb_1 (1) disconnected node: VPWR
Cell sky130_fd_sc_hd__or4bb_1 (1) disconnected node: X

Subcircuit pins:
Circuit 1: sky130_fd_sc_hd__or4bb_1        |Circuit 2: sky130_fd_sc_hd__or4bb_1        
-------------------------------------------|-------------------------------------------
A                                          |A                                          
B                                          |B                                          
C_N                                        |C_N                                        
D_N                                        |D_N                                        
VGND                                       |VGND                                       
VNB                                        |VNB                                        
VPB                                        |VPB                                        
VPWR                                       |VPWR                                       
X                                          |X                                          
---------------------------------------------------------------------------------------
Cell pin lists are equivalent.
Device classes sky130_fd_sc_hd__or4bb_1 and sky130_fd_sc_hd__or4bb_1 are equivalent.

Cell sky130_fd_sc_hd__dfxtp_4 (1) disconnected node: CLK
Cell sky130_fd_sc_hd__dfxtp_4 (1) disconnected node: D
Cell sky130_fd_sc_hd__dfxtp_4 (1) disconnected node: VGND
Cell sky130_fd_sc_hd__dfxtp_4 (1) disconnected node: VNB
Cell sky130_fd_sc_hd__dfxtp_4 (1) disconnected node: VPB
Cell sky130_fd_sc_hd__dfxtp_4 (1) disconnected node: VPWR
Cell sky130_fd_sc_hd__dfxtp_4 (1) disconnected node: Q
Class sky130_fd_sc_hd__dfxtp_4 (0):  Merged 6 parallel devices.

Subcircuit pins:
Circuit 1: sky130_fd_sc_hd__dfxtp_4        |Circuit 2: sky130_fd_sc_hd__dfxtp_4        
-------------------------------------------|-------------------------------------------
CLK                                        |CLK                                        
D                                          |D                                          
VGND                                       |VGND                                       
VNB                                        |VNB                                        
VPB                                        |VPB                                        
VPWR                                       |VPWR                                       
Q                                          |Q                                          
---------------------------------------------------------------------------------------
Cell pin lists are equivalent.
Device classes sky130_fd_sc_hd__dfxtp_4 and sky130_fd_sc_hd__dfxtp_4 are equivalent.

Cell sky130_fd_sc_hd__inv_2 (1) disconnected node: A
Cell sky130_fd_sc_hd__inv_2 (1) disconnected node: VGND
Cell sky130_fd_sc_hd__inv_2 (1) disconnected node: VNB
Cell sky130_fd_sc_hd__inv_2 (1) disconnected node: VPB
Cell sky130_fd_sc_hd__inv_2 (1) disconnected node: VPWR
Cell sky130_fd_sc_hd__inv_2 (1) disconnected node: Y
Class sky130_fd_sc_hd__inv_2 (0):  Merged 2 parallel devices.

Subcircuit pins:
Circuit 1: sky130_fd_sc_hd__inv_2          |Circuit 2: sky130_fd_sc_hd__inv_2          
-------------------------------------------|-------------------------------------------
A                                          |A                                          
VGND                                       |VGND                                       
VNB                                        |VNB                                        
VPB                                        |VPB                                        
VPWR                                       |VPWR                                       
Y                                          |Y                                          
---------------------------------------------------------------------------------------
Cell pin lists are equivalent.
Device classes sky130_fd_sc_hd__inv_2 and sky130_fd_sc_hd__inv_2 are equivalent.

Cell sky130_fd_sc_hd__or2_1 (1) disconnected node: A
Cell sky130_fd_sc_hd__or2_1 (1) disconnected node: B
Cell sky130_fd_sc_hd__or2_1 (1) disconnected node: VGND
Cell sky130_fd_sc_hd__or2_1 (1) disconnected node: VNB
Cell sky130_fd_sc_hd__or2_1 (1) disconnected node: VPB
Cell sky130_fd_sc_hd__or2_1 (1) disconnected node: VPWR
Cell sky130_fd_sc_hd__or2_1 (1) disconnected node: X

Subcircuit pins:
Circuit 1: sky130_fd_sc_hd__or2_1          |Circuit 2: sky130_fd_sc_hd__or2_1          
-------------------------------------------|-------------------------------------------
A                                          |A                                          
B                                          |B                                          
VGND                                       |VGND                                       
VNB                                        |VNB                                        
VPB                                        |VPB                                        
VPWR                                       |VPWR                                       
X                                          |X                                          
---------------------------------------------------------------------------------------
Cell pin lists are equivalent.
Device classes sky130_fd_sc_hd__or2_1 and sky130_fd_sc_hd__or2_1 are equivalent.

Subcircuit summary:
Circuit 1: th_sw                           |Circuit 2: th_sw                           
-------------------------------------------|-------------------------------------------
bootstrap (1)                              |bootstrap (1)                              
th_sw_main (1)                             |th_sw_main (1)                             
Number of devices: 2                       |Number of devices: 2                       
Number of nets: 8                          |Number of nets: 8                          
---------------------------------------------------------------------------------------
Netlists match uniquely with port errors.

Subcircuit pins:
Circuit 1: th_sw                           |Circuit 2: th_sw                           
-------------------------------------------|-------------------------------------------
VSS                                        |VSS                                        
CK                                         |CK                                         
IN                                         |IN                                         
OUT                                        |OUT                                        
VDD                                        |VDD                                        
CKB                                        |CKB                                        
bootstrap_0/w_3369_n115#                   |(no pin, node is dummy_8)                  
---------------------------------------------------------------------------------------
Cell pin lists for th_sw and th_sw altered to match.
Device classes th_sw and th_sw are equivalent.

Class sky130_fd_sc_hs__buf_16 (0):  Merged 40 parallel devices.
Class sky130_fd_sc_hs__buf_16 (1):  Merged 40 parallel devices.
Subcircuit summary:
Circuit 1: sky130_fd_sc_hs__buf_16         |Circuit 2: sky130_fd_sc_hs__buf_16         
-------------------------------------------|-------------------------------------------
sky130_fd_pr__nfet_01v8_lvt (22->2)        |sky130_fd_pr__nfet_01v8_lvt (22->2)        
sky130_fd_pr__pfet_01v8 (22->2)            |sky130_fd_pr__pfet_01v8 (22->2)            
Number of devices: 4                       |Number of devices: 4                       
Number of nets: 7                          |Number of nets: 7                          
---------------------------------------------------------------------------------------
Netlists match uniquely.

Subcircuit pins:
Circuit 1: sky130_fd_sc_hs__buf_16         |Circuit 2: sky130_fd_sc_hs__buf_16         
-------------------------------------------|-------------------------------------------
VPWR                                       |VPWR                                       
X                                          |X                                          
VPB                                        |VPB                                        
VGND                                       |VGND                                       
VNB                                        |VNB                                        
A                                          |A                                          
---------------------------------------------------------------------------------------
Cell pin lists are equivalent.
Device classes sky130_fd_sc_hs__buf_16 and sky130_fd_sc_hs__buf_16 are equivalent.

Class sky130_fd_sc_hs__buf_16[[0]] (1):  Merged 40 parallel devices.
Subcircuit summary:
Circuit 1: sky130_fd_sc_hs__buf_16         |Circuit 2: sky130_fd_sc_hs__buf_16[[0]]    
-------------------------------------------|-------------------------------------------
sky130_fd_pr__nfet_01v8_lvt (22->2)        |sky130_fd_pr__nfet_01v8_lvt (22->2)        
sky130_fd_pr__pfet_01v8 (22->2)            |sky130_fd_pr__pfet_01v8 (22->2)            
Number of devices: 4                       |Number of devices: 4                       
Number of nets: 7                          |Number of nets: 7                          
---------------------------------------------------------------------------------------
Netlists match uniquely.

Subcircuit pins:
Circuit 1: sky130_fd_sc_hs__buf_16         |Circuit 2: sky130_fd_sc_hs__buf_16[[0]]    
-------------------------------------------|-------------------------------------------
VPWR                                       |VPWR                                       
X                                          |X                                          
VPB                                        |VPB                                        
VGND                                       |VGND                                       
VNB                                        |VNB                                        
A                                          |A                                          
---------------------------------------------------------------------------------------
Cell pin lists are equivalent.
Device classes sky130_fd_sc_hs__buf_16 and sky130_fd_sc_hs__buf_16[[0]] are equivalent.

Subcircuit summary:
Circuit 1: single_9b_cdac                  |Circuit 2: single_9b_cdac                  
-------------------------------------------|-------------------------------------------
cdac_sw_9b (1)                             |cdac_sw_9b (1)                             
cap_array_9b (1)                           |cap_array_9b (1)                           
Number of devices: 2                       |Number of devices: 2                       
Number of nets: 31                         |Number of nets: 31                         
---------------------------------------------------------------------------------------
Netlists match uniquely.

Subcircuit pins:
Circuit 1: single_9b_cdac                  |Circuit 2: single_9b_cdac                  
-------------------------------------------|-------------------------------------------
VDD                                        |VDD                                        
CF[0]                                      |CF[0]                                      
CF[1]                                      |CF[1]                                      
CF[2]                                      |CF[2]                                      
CF[3]                                      |CF[3]                                      
CF[4]                                      |CF[4]                                      
CF[5]                                      |CF[5]                                      
CF[6]                                      |CF[6]                                      
CF[7]                                      |CF[7]                                      
CF[8]                                      |CF[8]                                      
SW[0]                                      |SW[0]                                      
SW[1]                                      |SW[1]                                      
SW[2]                                      |SW[2]                                      
SW[3]                                      |SW[3]                                      
SW[4]                                      |SW[4]                                      
SW[5]                                      |SW[5]                                      
SW[6]                                      |SW[6]                                      
SW[7]                                      |SW[7]                                      
SW[8]                                      |SW[8]                                      
VSS                                        |VSS                                        
VC                                         |VC                                         
VCM                                        |VCM                                        
---------------------------------------------------------------------------------------
Cell pin lists are equivalent.
Device classes single_9b_cdac and single_9b_cdac are equivalent.

Subcircuit summary:
Circuit 1: tdc                             |Circuit 2: tdc                             
-------------------------------------------|-------------------------------------------
delay_gate_ori (2)                         |delay_gate_ori (2)                         
phase_detector (1)                         |phase_detector (1)                         
Number of devices: 3                       |Number of devices: 3                       
Number of nets: 10                         |Number of nets: 10                         
---------------------------------------------------------------------------------------
Netlists match uniquely.

Subcircuit pins:
Circuit 1: tdc                             |Circuit 2: tdc                             
-------------------------------------------|-------------------------------------------
OUTP                                       |OUTP                                       
OUTN                                       |OUTN                                       
RDY                                        |RDY                                        
CLK                                        |CLK                                        
VINN                                       |VINN                                       
VINP                                       |VINP                                       
VDD                                        |VDD                                        
VSS                                        |VSS                                        
---------------------------------------------------------------------------------------
Cell pin lists are equivalent.
Device classes tdc and tdc are equivalent.
Flattening unmatched subcell sky130_fd_sc_hd__fill_1 in circuit sar9b (1)(30 instances)
Flattening unmatched subcell sky130_fd_sc_hd__tapvpwrvgnd_1 in circuit sar9b (1)(30 instances)
Flattening unmatched subcell sky130_fd_sc_hd__fill_2 in circuit sar9b (1)(22 instances)

Class sar9b (0):  Merged 237 parallel devices.
Class sar9b (1):  Merged 237 parallel devices.
Subcircuit summary:
Circuit 1: sar9b                           |Circuit 2: sar9b                           
-------------------------------------------|-------------------------------------------
sky130_fd_sc_hd__decap_3 (238->1)          |sky130_fd_sc_hd__decap_3 (238->1)          
sky130_fd_sc_hd__dfrtp_1 (36)              |sky130_fd_sc_hd__dfrtp_1 (36)              
sky130_fd_sc_hd__buf_1 (39)                |sky130_fd_sc_hd__buf_1 (39)                
sky130_fd_sc_hd__dfxtp_1 (5)               |sky130_fd_sc_hd__dfxtp_1 (5)               
sky130_fd_sc_hd__and3_1 (2)                |sky130_fd_sc_hd__and3_1 (2)                
sky130_fd_sc_hd__clkbuf_4 (2)              |sky130_fd_sc_hd__clkbuf_4 (2)              
sky130_fd_sc_hd__a21o_1 (1)                |sky130_fd_sc_hd__a21o_1 (1)                
sky130_fd_sc_hd__clkbuf_16 (3)             |sky130_fd_sc_hd__clkbuf_16 (3)             
sky130_fd_sc_hd__dfrtp_2 (1)               |sky130_fd_sc_hd__dfrtp_2 (1)               
sky130_fd_sc_hd__nand3_1 (1)               |sky130_fd_sc_hd__nand3_1 (1)               
sky130_fd_sc_hd__a21oi_1 (1)               |sky130_fd_sc_hd__a21oi_1 (1)               
sky130_fd_sc_hd__o21ai_1 (1)               |sky130_fd_sc_hd__o21ai_1 (1)               
sky130_fd_sc_hd__nor2_1 (1)                |sky130_fd_sc_hd__nor2_1 (1)                
sky130_fd_sc_hd__a21bo_1 (1)               |sky130_fd_sc_hd__a21bo_1 (1)               
sky130_fd_sc_hd__o21a_1 (1)                |sky130_fd_sc_hd__o21a_1 (1)                
sky130_fd_sc_hd__nand2_1 (2)               |sky130_fd_sc_hd__nand2_1 (2)               
sky130_fd_sc_hd__and2_1 (2)                |sky130_fd_sc_hd__and2_1 (2)                
sky130_fd_sc_hd__clkbuf_2 (3)              |sky130_fd_sc_hd__clkbuf_2 (3)              
sky130_fd_sc_hd__or3b_1 (1)                |sky130_fd_sc_hd__or3b_1 (1)                
sky130_fd_sc_hd__or4bb_1 (1)               |sky130_fd_sc_hd__or4bb_1 (1)               
sky130_fd_sc_hd__dfxtp_4 (1)               |sky130_fd_sc_hd__dfxtp_4 (1)               
sky130_fd_sc_hd__inv_2 (1)                 |sky130_fd_sc_hd__inv_2 (1)                 
sky130_fd_sc_hd__or2_1 (1)                 |sky130_fd_sc_hd__or2_1 (1)                 
Number of devices: 108                     |Number of devices: 108                     
Number of nets: 114                        |Number of nets: 114                        
---------------------------------------------------------------------------------------
Netlists match uniquely.

Subcircuit pins:
Circuit 1: sar9b                           |Circuit 2: sar9b                           
-------------------------------------------|-------------------------------------------
CKS                                        |CKS                                        
CMP_P                                      |CMP_P                                      
CMP_N                                      |CMP_N                                      
EN                                         |EN                                         
RDY                                        |RDY                                        
CLK                                        |CLK                                        
CKO                                        |CKO                                        
SWN[8]                                     |SWN[8]                                     
SWN[0]                                     |SWN[0]                                     
SWN[1]                                     |SWN[1]                                     
SWN[7]                                     |SWN[7]                                     
SWN[6]                                     |SWN[6]                                     
SWN[2]                                     |SWN[2]                                     
SWN[4]                                     |SWN[4]                                     
SWN[3]                                     |SWN[3]                                     
SWN[5]                                     |SWN[5]                                     
DATA[0]                                    |DATA[0]                                    
DATA[8]                                    |DATA[8]                                    
DATA[7]                                    |DATA[7]                                    
DATA[1]                                    |DATA[1]                                    
DATA[2]                                    |DATA[2]                                    
DATA[6]                                    |DATA[6]                                    
DATA[3]                                    |DATA[3]                                    
DATA[4]                                    |DATA[4]                                    
DATA[5]                                    |DATA[5]                                    
CKSB                                       |CKSB                                       
SWP[8]                                     |SWP[8]                                     
SWP[0]                                     |SWP[0]                                     
SWP[2]                                     |SWP[2]                                     
SWP[5]                                     |SWP[5]                                     
SWP[4]                                     |SWP[4]                                     
SWP[3]                                     |SWP[3]                                     
SWP[6]                                     |SWP[6]                                     
SWP[1]                                     |SWP[1]                                     
SWP[7]                                     |SWP[7]                                     
CF[0]                                      |CF[0]                                      
CF[8]                                      |CF[8]                                      
CF[6]                                      |CF[6]                                      
CF[5]                                      |CF[5]                                      
CF[3]                                      |CF[3]                                      
CF[4]                                      |CF[4]                                      
CF[2]                                      |CF[2]                                      
CF[7]                                      |CF[7]                                      
CF[1]                                      |CF[1]                                      
VGND                                       |VGND                                       
VPWR                                       |VPWR                                       
---------------------------------------------------------------------------------------
Cell pin lists are equivalent.
Device classes sar9b and sar9b are equivalent.

Cell th_dif_sw (0) disconnected node: w_17147_3908#
Cell th_dif_sw (0) disconnected node: w_12524_3915#
Subcircuit summary:
Circuit 1: th_dif_sw                       |Circuit 2: th_dif_sw                       
-------------------------------------------|-------------------------------------------
th_sw (2)                                  |th_sw (2)                                  
sky130_fd_sc_hs__buf_16 (2)                |sky130_fd_sc_hs__buf_16[[0]] (2)           
Number of devices: 4                       |Number of devices: 4                       
Number of nets: 12                         |Number of nets: 12                         
---------------------------------------------------------------------------------------
Resolving symmetries by property value.
Resolving symmetries by pin name.
Netlists match uniquely with port errors.

Subcircuit pins:
Circuit 1: th_dif_sw                       |Circuit 2: th_dif_sw                       
-------------------------------------------|-------------------------------------------
VIP                                        |VIP                                        
VIN                                        |VIN                                        
VCP                                        |VCP                                        
VCN                                        |VCN                                        
CK                                         |CK                                         
CKB                                        |CKB                                        
VDD                                        |VDD                                        
VSS                                        |VSS                                        
w_17147_3908#                              |(no matching pin)                          
w_12524_3915#                              |(no matching pin)                          
---------------------------------------------------------------------------------------
Cell pin lists are equivalent.
Device classes th_dif_sw and th_dif_sw are equivalent.

Cell tt_um_tadc_its (0) disconnected node: ena
Cell tt_um_tadc_its (0) disconnected node: rst_n
Cell tt_um_tadc_its (0) disconnected node: ua[3]
Cell tt_um_tadc_its (0) disconnected node: ua[4]
Cell tt_um_tadc_its (0) disconnected node: ua[5]
Cell tt_um_tadc_its (0) disconnected node: ua[6]
Cell tt_um_tadc_its (0) disconnected node: ua[7]
Cell tt_um_tadc_its (0) disconnected node: ui_in[1]
Cell tt_um_tadc_its (0) disconnected node: ui_in[2]
Cell tt_um_tadc_its (0) disconnected node: ui_in[3]
Cell tt_um_tadc_its (0) disconnected node: ui_in[4]
Cell tt_um_tadc_its (0) disconnected node: ui_in[5]
Cell tt_um_tadc_its (0) disconnected node: ui_in[6]
Cell tt_um_tadc_its (0) disconnected node: ui_in[7]
Cell tt_um_tadc_its (0) disconnected node: uio_in[0]
Cell tt_um_tadc_its (0) disconnected node: uio_in[1]
Cell tt_um_tadc_its (0) disconnected node: uio_in[2]
Cell tt_um_tadc_its (0) disconnected node: uio_in[3]
Cell tt_um_tadc_its (0) disconnected node: uio_in[4]
Cell tt_um_tadc_its (0) disconnected node: uio_in[5]
Cell tt_um_tadc_its (0) disconnected node: uio_in[6]
Cell tt_um_tadc_its (0) disconnected node: uio_in[7]
Subcircuit summary:
Circuit 1: tt_um_tadc_its                  |Circuit 2: tt_um_tadc_its                  
-------------------------------------------|-------------------------------------------
single_9b_cdac (2)                         |single_9b_cdac (2)                         
tdc (1)                                    |tdc (1)                                    
sar9b (1)                                  |sar9b (1)                                  
th_dif_sw (1)                              |th_dif_sw (1)                              
Number of devices: 5                       |Number of devices: 5                       
Number of nets: 51                         |Number of nets: 51                         
---------------------------------------------------------------------------------------
Netlists match uniquely with port errors.

Subcircuit pins:
Circuit 1: tt_um_tadc_its                  |Circuit 2: tt_um_tadc_its                  
-------------------------------------------|-------------------------------------------
ua[2]                                      |ua[2]                                      
ua[1]                                      |ua[1]                                      
uo_out[0]                                  |uo_out[0]                                  
uio_out[1]                                 |uio_out[1]                                 
uio_out[0]                                 |uio_out[0]                                 
uo_out[7]                                  |uo_out[7]                                  
uo_out[6]                                  |uo_out[6]                                  
uo_out[5]                                  |uo_out[5]                                  
uo_out[4]                                  |uo_out[4]                                  
uo_out[3]                                  |uo_out[3]                                  
uo_out[2]                                  |uo_out[2]                                  
uo_out[1]                                  |uo_out[1]                                  
ui_in[0]                                   |ui_in[0]                                   
VDPWR                                      |VDPWR                                      
VGND                                       |VGND                                       
clk                                        |clk                                        
ua[0]                                      |ua[0]                                      
ena                                        |(no matching pin)                          
rst_n                                      |(no matching pin)                          
ua[3]                                      |(no matching pin)                          
ua[4]                                      |(no matching pin)                          
ua[5]                                      |(no matching pin)                          
ua[6]                                      |(no matching pin)                          
ua[7]                                      |(no matching pin)                          
ui_in[1]                                   |(no matching pin)                          
ui_in[2]                                   |(no matching pin)                          
ui_in[3]                                   |(no matching pin)                          
ui_in[4]                                   |(no matching pin)                          
ui_in[5]                                   |(no matching pin)                          
ui_in[6]                                   |(no matching pin)                          
ui_in[7]                                   |(no matching pin)                          
uio_in[0]                                  |(no matching pin)                          
uio_in[1]                                  |(no matching pin)                          
uio_in[2]                                  |(no matching pin)                          
uio_in[3]                                  |(no matching pin)                          
uio_in[4]                                  |(no matching pin)                          
uio_in[5]                                  |(no matching pin)                          
uio_in[6]                                  |(no matching pin)                          
uio_in[7]                                  |(no matching pin)                          
---------------------------------------------------------------------------------------
Cell pin lists are equivalent.
Device classes tt_um_tadc_its and tt_um_tadc_its are equivalent.

Final result: Circuits match uniquely.
.

The following cells had property errors:
 delay_gate_ori
